{"indexes":[{"v":{"$numberInt":"2"},"key":{"_id":{"$numberInt":"1"}},"name":"_id_"},{"v":{"$numberInt":"2"},"unique":true,"key":{"username":{"$numberInt":"1"}},"name":"username_1","sparse":true,"background":true},{"v":{"$numberInt":"2"},"unique":true,"key":{"email":{"$numberInt":"1"}},"name":"email_1","sparse":true,"background":true},{"v":{"$numberInt":"2"},"unique":true,"key":{"phone":{"$numberInt":"1"}},"name":"phone_1","sparse":true,"background":true}],"uuid":"c8f1adb4647941b586837dcb90d5bc7a","collectionName":"users"}